time,evaluated,value,avgValue
178553.0,3988901,0.1842424242424242,0.1842424242424242
