time,evaluated,value,avgValue
176451.0,3634176,0.502007992007992,0.502007992007992
