time,evaluated,value,avgValue
178083.0,3744195,0.1387878787878788,0.1387878787878788
